MODEL,PARAMETERS,AUC,acc,preci,recall,f1,y-probs,pred-values
DT,"DecisionTreeClassifier(class_weight=None, criterion='entropy', max_depth=20,
            max_features='log2', max_leaf_nodes=None, min_samples_leaf=1,
            min_samples_split=5, min_weight_fraction_leaf=0.0,
            presort=False, random_state=None, splitter='best')",0.72267676767676781,0.80000000000000004,0.70588235294117652,0.80000000000000004,0.75000000000000011,"[ 0.66666667  0.06666667  0.72727273  0.06666667  0.06666667  0.
  0.06666667  0.72727273  0.06666667  0.66666667  0.5         0.5
  0.72727273  0.72727273  1.          0.06666667  0.72727273  0.06666667
  0.06666667  0.06666667  0.06666667  0.72727273  0.06666667  0.
  0.72727273  0.06666667  0.06666667  0.06666667  0.          0.72727273
  0.06666667  0.72727273  0.72727273  0.          0.06666667  1.
  0.66666667  0.66666667  0.06666667  0.72727273]","[1 0 1 0 0 0 0 1 0 1 0 0 1 1 1 0 1 0 0 0 0 1 0 0 1 0 0 0 0 1 0 1 1 0 0 1 1
 1 0 1]"
